g,FSV,pval,qval
4930515B02Rik,0.999954394,0,0
D630013N20Rik,0.999954394,0,0
Kbtbd13,0.999954394,0,0
Chrnb3,0.999954394,0,0
1810062G17Rik,0.999954394,0,0
Zfp97,0.999954394,0,0
BC048609,0.999954394,0,0
Synpo2l,0.999954394,0,0
Gpr161,0.999954394,0,0
2610524H06Rik,0.999954394,0,0
Kcns1,0.999954394,0,0
Fut4-ps1,0.999954394,0,0
1700065J11Rik,0.999954394,0,0
Akr1c21,0.999954394,0,0
4930474N09Rik,0.999954394,0,0
Fgf23,0.999954394,0,0
Hbq1a,0.999954394,0,0
5730416F02Rik,0.999954394,0,0
Slc5a7,0.999954394,0,0
Gm8773,0.999954394,0,0
9130019P16Rik,0.999954394,0,0
Olfr597,0.999954394,0,0
Apoh,0.999954394,0,0
Eya4,0.999954394,0,0
Olfr914,0.999954394,0,0
4933425H06Rik,0.999954394,0,0
2410137F16Rik,0.999954394,0,0
Gm6225,0.999954394,0,0
Mir719,0.999954394,0,0
Gm20199,0.999954394,0,0
Alx1,0.999954394,0,0
Pcdhgc4,0.999954394,0,0
5330413P13Rik,0.999954394,0,0
5430402O13Rik,0.999954394,0,0
Gm8884,0.999954394,0,0
Lce3b,0.999954394,0,0
Slco1a5,0.999954394,0,0
Sertad3,0.999954394,0,0
H2-M10.3,0.999954394,0,0
Cyp2d9,0.999954394,0,0
A430071A18Rik,0.999954394,0,0
Serpina1b,0.999954394,0,0
Gm10731,0.999954394,0,0
Serpina1a,0.999954394,0,0
9530059O14Rik,0.999954394,0,0
Ctu1,0.999954394,0,0
Snord89,0.999954394,0,0
Nkpd1,0.999954394,0,0
Gm1661,0.999954394,0,0
Rsph6a,0.999954394,0,0
Spc24,0.999954394,0,0
Pcdhga7,0.999954394,0,0
Galnt3,0.999954394,0,0
Pfkfb1,0.999954394,0,0
Pcdhgc5,0.999954394,0,0
Bambi-ps1,0.999954394,0,0
Msh4,0.999954394,0,0
Gm4827,0.999954394,0,0
0610043K17Rik,0.999954394,0,0
Serpina1c,0.999954394,0,0
Gmnc,0.999954394,0,0
Has2,0.999954394,0,0
Ston1,0.999954394,0,0
Eras,0.999954394,0,0
Mmel1,0.999954394,0,0
Nudt15,0.999954394,0,0
Stmnd1,0.999954394,0,0
Ntng2,0.999954394,0,0
Ccl4,0.999954394,0,0
5430401F13Rik,0.999954394,0,0
Serpinb2,0.999954394,0,0
Mrps2,0.999954394,0,0
Gm3383,0.999954394,0,0
Kremen2,0.999954394,0,0
Nfam1,0.999954394,0,0
LOC100503496,0.999954394,0,0
Xlr4b,0.999954394,0,0
Gmip,0.999954394,0,0
Rnf135,0.999954394,0,0
Ermap,0.999954394,0,0
Ercc6l,0.999954394,0,0
Cldn14,0.999954394,0,0
Nos2,0.999954394,0,0
Siglec5,0.999954394,0,0
Olfr1263,0.999954394,0,0
Pkmyt1,0.999954394,0,0
Gm13308,0.999954394,0,0
Cenpi,0.999954394,0,0
D6Ertd474e,0.999954394,0,0
D130040H23Rik,0.999954394,0,0
Gm6537,0.999954394,0,0
Fsbp,0.999954394,0,0
Osm,0.999954394,0,0
Olfr1252,0.999954394,0,0
Cdc25c,0.999954394,0,0
AI467606,0.999954394,0,0
Ska1,0.999954394,0,0
Tex35,0.999954394,0,0
Tmem89,0.999954394,0,0
4930405A21Rik,0.999954394,0,0
Gm872,0.999954394,0,0
Chi3l3,0.999954394,0,0
Cdca2,0.999954394,0,0
4921525B02Rik,0.999954394,0,0
Mospd4,0.999954394,0,0
Gm12360,0.999954394,0,0
Spatc1l,0.999954394,0,0
Snora69,0.999954394,0,0
Msx1,0.999954394,0,0
1700074H08Rik,0.999954394,0,0
Mill2,0.999954394,0,0
Gm5458,0.999954394,0,0
Hnrnpa1,0.999954394,0,0
Snord92,0.999954394,0,0
Dnali1,0.999954394,0,0
Gnat1,0.999954394,0,0
4930473A02Rik,0.999954394,0,0
Dlx6as2,0.999954394,0,0
Nek10,0.999954394,0,0
Xlr4c,0.999954394,0,0
Gm10785,0.999954394,0,0
Dmgdh,0.999954394,0,0
Tnfrsf10b,0.999954394,0,0
Adamts12,0.999954394,0,0
Olfr1014,0.999954394,0,0
A430093F15Rik,0.999954394,0,0
E130218I03Rik,0.999954394,0,0
9230115E21Rik,0.999954394,0,0
Fmo2,0.999954394,0,0
P2ry2,0.999954394,0,0
Odf3l2,0.999954394,0,0
Krt23,0.999954394,0,0
Adamts14,0.999954394,0,0
Olfr554,0.999954394,0,0
Daf2,0.999954394,0,0
Mmp28,0.999954394,0,0
Slpi,0.999954394,0,0
Olfr115,0.999954394,0,0
Tdrd6,0.999954394,0,0
2310039L15Rik,0.999954394,0,0
Gm6583,0.999954394,0,0
Plbd1,0.999954394,0,0
Fabp4,0.999954394,0,0
Gm5577,0.999954394,0,0
Abcb5,0.999954394,0,0
4930412O13Rik,0.999954394,0,0
Nlrp4f,0.999954394,0,0
Zkscan7,0.999954394,0,0
Gm5441,0.999954394,0,0
Cdk6,0.999954394,0,0
Tulp2,0.999954394,0,0
Klhl38,0.999954394,0,0
4933427D06Rik,0.999954394,0,0
Mettl21e,0.999954394,0,0
Gm1631,0.999954394,0,0
Casq1,0.999954394,0,0
Gcg,0.999954394,0,0
Nkx2-2as,0.999954394,0,0
Gm5065,0.999954394,0,0
Clec4n,0.999954394,0,0
1700058G18Rik,0.999954394,0,0
Qrich2,0.999954394,0,0
Slc39a4,0.999954394,0,0
D430020J02Rik,0.999954394,0,0
Klra2,0.999954394,0,0
Lman1l,0.999954394,0,0
Slc24a4,0.999954394,0,0
Gm4349,0.999954394,0,0
Abcb11,0.999954394,0,0
Olfr1382,0.999954394,0,0
Zfp389,0.999954394,0,0
4930539E08Rik,0.999954394,0,0
Dcst1,0.999954394,0,0
Aim2,0.999954394,0,0
Bcl3,0.999954394,0,0
Oxt,0.999954394,0,0
Ntf3,0.999954394,0,0
Speer5-ps1,0.999954394,0,0
Ccdc64b,0.999954394,0,0
1700019B03Rik,0.999954394,0,0
Gp5,0.999954394,0,0
5830416I19Rik,0.999954394,0,0
9830147E19Rik,0.999954394,0,0
Npvf,0.999954394,0,0
Olfr121,0.999954394,0,0
Folr1,0.999954394,0,0
4933412E12Rik,0.999954394,0,0
C920025E04Rik,0.999954394,0,0
Gm6938,0.999954394,0,0
Pcdhga3,0.999954394,0,0
Dmrt1,0.999954394,0,0
Ddi2,0.999954394,0,0
Pglyrp2,0.999954394,0,0
Lcor,0.999954394,0,0
E430018J23Rik,0.999954394,0,0
Prdm11,0.999954394,0,0
Fgf17,0.999954394,0,0
Sost,0.999954394,0,0
Gm9895,0.999954394,0,0
Ap1m2,0.999954394,0,0
Oit3,0.999954394,0,0
Zfp114,0.999954394,0,0
Mlxipl,0.999954394,0,0
Cd28,0.999954394,0,0
Nr1i3,0.999954394,0,0
Lhfpl5,0.999954394,0,0
AI317395,0.999954394,0,0
Slc6a20a,0.999954394,0,0
Avil,0.999954394,0,0
Lgals12,0.999954394,0,0
Pcdhgb5,0.999954394,0,0
Wnt2,0.999954394,0,0
Adcy3,0.999954394,0,0
Ccdc113,0.999954394,0,0
Sec31b,0.999954394,0,0
Pgpep1l,0.999954394,0,0
Ano7,0.999954394,0,0
Mei4,0.999954394,0,0
4930474M22Rik,0.999954394,0,0
Ripply3,0.999954394,0,0
Gm16845,0.999954394,0,0
Ptprh,0.999954394,0,0
2310015B20Rik,0.999954394,0,0
4930447N08Rik,0.999954394,0,0
Mir340,0.999954394,0,0
Ephx3,0.999954394,0,0
Olfr113,0.999954394,0,0
Ltb,0.999954394,0,0
Ghsr,0.999954394,0,0
Ms4a10,0.999954394,0,0
Epcam,0.999954394,0,0
Cd209a,0.999954394,0,0
4930428E07Rik,0.999954394,0,0
Cphx2,0.999954394,0,0
Foxl2,0.999954394,0,0
Casq2,0.999954394,0,0
Polh,0.999954394,0,0
Epsti1,0.999954394,0,0
BC049635,0.999954394,0,0
Gm15706,0.999954394,0,0
Slc34a1,0.999954394,0,0
Odf4,0.999954394,0,0
Olfr1000,0.999954394,0,0
Bub1b,0.999954394,0,0
5430402E10Rik,0.999954394,0,0
Sgol1,0.999954394,0,0
Snora31,0.999954394,0,0
4930415O20Rik,0.999954394,0,0
Heg1,0.999954394,0,0
Sh3rf2,0.999954394,0,0
Prox1,0.999954394,0,0
1700034I23Rik,0.999954394,0,0
Gm8221,0.999954394,0,0
Mir335,0.999954394,0,0
Fam221a,0.999954394,0,0
1700007K09Rik,0.999954394,0,0
Layn,0.999954394,0,0
Gm12250,0.999954394,0,0
Nr2e3,0.999954394,0,0
Hsd11b2,0.999954394,0,0
Npm2,0.999954394,0,0
Apom,0.999954394,0,0
BC064078,0.999954394,0,0
2010109I03Rik,0.999954394,0,0
Gsg1l,0.999954394,0,0
Klk8,0.999954394,0,0
A430088P11Rik,0.999954394,0,0
Ube2c,0.999954394,0,0
Zfp663,0.999954394,0,0
Chrna1,0.999954394,0,0
Pabpn1l,0.999954394,0,0
4833411C07Rik,0.999954394,0,0
Cacng8,0.999954394,0,0
Pgap2,0.999954394,0,0
Atg9b,0.999954394,0,0
E2f7,0.999954394,0,0
Col28a1,0.999954394,0,0
Il25,0.999954394,0,0
Gm5797,0.999954394,0,0
1700045I19Rik,0.999954394,0,0
Cct6b,0.999954394,0,0
Ccdc89,0.995542059,0,0
1810020O05Rik,0.999954394,0,0
E130003G02Rik,0.999954394,0,0
Tomm20l,0.999954394,0,0
Fscn2,0.999954394,0,0
Hsbp1l1,0.999954394,0,0
Rgs9bp,0.999954394,0,0
Ltb4r1,0.999954394,0,0
Cntnap5c,0.999954394,0,0
Mettl8,0.999954394,0,0
Hgf,0.999954394,0,0
Dok7,0.999954394,0,0
Fasl,0.999954394,0,0
4933432I03Rik,0.999954394,0,0
Ssmem1,0.999954394,0,0
AI463170,0.999954394,0,0
Gm14288,0.999954394,0,0
Hydin,0.999954394,0,0
Naip6,0.999954394,0,0
Cabs1,0.999954394,0,0
Tdrd5,0.999954394,0,0
Rgs13,0.999954394,0,0
Zbtb42,0.999954394,0,0
5033404E19Rik,0.999954394,0,0
Mmp20,0.999954394,0,0
2810408A11Rik,0.999954394,0,0
Acnat2,0.999954394,0,0
Ncf4,0.999954394,0,0
4931423N10Rik,0.999954394,0,0
D030028A08Rik,0.999954394,0,0
D630039A03Rik,0.999954394,0,0
1700064M15Rik,0.999954394,0,0
1810007D17Rik,0.999954394,0,0
B430306N03Rik,0.999954394,0,0
Elf4,0.999954394,0,0
Gm5083,0.999954394,0,0
Mgst2,0.999954394,0,0
Ankrd2,0.999954394,0,0
Snx29,0.999954394,0,0
Cdnf,0.999954394,0,0
Prdm14,0.999953871,0,0
4930547E14Rik,0.999953871,0,0
4933417O13Rik,0.999953871,0,0
Pabpc6,0.999954394,0,0
Nek5,0.999954394,0,0
Krt25,0.999953871,0,0
Gm14306,0.999954394,0,0
Gm17745,0.999954394,0,0
Plekhg6,0.999954394,0,0
Sema3g,0.999954394,0,0
Acot4,0.999953871,0,0
Cabp4,0.999954394,0,0
Gm765,0.999954394,0,0
Olfr1178,0.999954394,0,0
Gm10863,0.999954394,0,0
4921509O07Rik,0.999954394,0,0
Olfr1270,0.999954394,0,0
Aldh3a1,0.999953871,0,0
Ces2e,0.999954394,0,0
1700096J18Rik,0.999953871,0,0
Skint3,0.999953871,0,0
D930028M14Rik,0.999953871,0,0
Mir1191,0.999953871,0,0
1700007J10Rik,0.999953871,0,0
Gan,0.999954394,0,0
Gm6994,0.999953871,0,0
Gm1966,0.999953871,0,0
Npsr1,0.999953871,0,0
B3gnt3,0.999954394,0,0
Aoah,0.999954394,0,0
Snord55,0.999953871,0,0
Gm20172,0.999953871,0,0
Hist1h2ak,0.999146586,0,0
Snord17,0.999953871,0,0
Zfp619,0.999953871,0,0
Smok4a,0.999953871,0,0
Ssxb2,0.999953871,0,0
Ssxb9,0.999953871,0,0
Hsd3b3,0.999953871,0,0
Dsc1,0.999953871,0,0
Mgl2,0.999953871,0,0
Trhr2,0.999953871,0,0
Irs2,0.999954394,0,0
Pcdhga1,0.999954394,0,0
Mapk15,0.999954394,0,0
Olfr1086,0.999954394,0,0
A930003A15Rik,0.999953871,0,0
Tmem210,0.999954394,0,0
Gm20139,0.999954394,0,0
Trim42,0.999953871,0,0
Slc24a1,0.999954394,0,0
Pla2r1,0.999954394,0,0
Slc2a2,0.999953871,0,0
Srd5a2,0.999953871,0,0
Olfr78,0.999953871,0,0
Elf5,0.999953871,0,0
4930455H04Rik,0.999953871,0,0
Gm17644,0.999953871,0,0
Gpr128,0.999953871,0,0
Gm5480,0.999953871,0,0
2600006L11Rik,0.999953871,0,0
4930593C16Rik,0.999953871,0,0
Xpnpep2,0.999953871,0,0
9530080O11Rik,0.999953871,0,0
Gm10280,0.999953871,0,0
Icos,0.999953871,0,0
Tex16,0.999953871,0,0
Vpreb1,0.999953871,0,0
Mir9-1,0.999953871,0,0
Slc23a1,0.999953871,0,0
Kri1,0.999953871,0,0
Rnase1,0.999953871,0,0
Dlec1,0.999953871,0,0
Vmn1r67,0.999953871,0,0
Xlr3c,0.999953871,0,0
Krt28,0.999953871,0,0
Olfr1426,0.999953871,0,0
Adam3,0.999953871,0,0
Mir124a-2,0.999953871,0,0
5530401A14Rik,0.999953871,0,0
Hrc,0.999954394,0,0
Bpifa2,0.999953871,0,0
Gbp11,0.999953871,0,0
Fitm1,0.999953871,0,0
Hhipl2,0.999953871,0,0
5430405H02Rik,0.999953871,0,0
Gsg1,0.999954394,0,0
Gm5105,0.999954394,0,0
Lyzl4,0.999953871,0,0
Spdl1,0.999953871,0,0
Gm13718,0.999954394,0,0
Ada,0.999953871,0,0
Slc22a29,0.999954394,0,0
Dusp13,0.999953871,0,0
4933413L06Rik,0.999954394,0,0
1700013F07Rik,0.999953871,0,0
Mir744,0.999953871,0,0
Nespas,0.999953871,0,0
Olfr101,0.999954394,0,0
Gm5089,0.999954394,0,0
Gpr135,0.999953871,0,0
Syt2,0.999953871,0,0
Irx5,0.999954394,0,0
Sftpc,0.999953871,0,0
Fancd2,0.999953871,0,0
1110046J04Rik,0.999953871,0,0
6330407A03Rik,0.999953871,0,0
Ppm1n,0.999954394,0,0
Frrs1,0.999953871,0,0
Mir384,0.999953871,0,0
Gm15698,0.999953871,0,0
Loxl4,0.999954394,0,0
Il27ra,0.999954394,0,0
Hoxb4,0.999951986,0,0
Scml4,0.999954394,0,0
Gpr35,0.999954394,0,0
Spata16,0.999954394,0,0
Gm14005,0.999954394,0,0
Gja5,0.999954394,0,0
Mir666,0.999951986,0,0
0610038L08Rik,0.999954394,0,0
Cyp4f18,0.999951986,0,0
3110039I08Rik,0.999951986,0,0
Catsper4,0.999954394,0,0
Grifin,0.999951986,0,0
1700108F19Rik,0.999951986,0,0
Cyb5rl,0.999951986,0,0
Gm2447,0.999951986,0,0
Klhl35,0.999951986,0,0
Mir3473,0.999953871,0,0
Tmem95,0.999951986,0,0
Piwil1,0.999951986,0,0
Myf6,0.999954394,0,0
Figla,0.999954394,0,0
Snord38a,0.999954394,0,0
Spp2,0.999954394,0,0
1600023N17Rik,0.999951986,0,0
Gm1078,0.999954394,0,0
Taf6l,0.999951986,0,0
9830166K06Rik,0.999954394,0,0
Olfr702,0.999954394,0,0
Pof1b,0.995638754,0,0
log_total_count,0.99994449,0,0
Armc3,0.987752506,0,0
Prkcg,0.99994449,0,0
Gm5087,0.99994449,0,0
4930426L09Rik,0.99994449,0,0
2310014L17Rik,0.99994449,0,0
Glrp1,0.99994449,0,0
Gm5136,0.99994449,0,0
Acnat1,0.99994449,0,0
Gm2381,0.99994449,0,0
Nmbr,0.983875724,0,0
Zfp820,0.999954394,0,0
Acsm5,0.999951986,0,0
Il23a,0.999951986,0,0
Dlgap5,0.999954394,0,0
S100a14,0.999954394,0,0
Krt19,0.999954394,0,0
H2-Bl,0.999954394,0,0
Ucp1,0.999954394,0,0
E130112N10Rik,0.999954394,0,0
Scarna8,0.999954394,0,0
Aim1l,0.999951986,0,0
Naip2,0.999951986,0,0
Lrrc15,0.999951986,0,0
Adam28,0.999951986,0,0
Gpr63,0.999954394,0,0
6030466F02Rik,0.999954394,0,0
Gm11166,0.999951986,0,0
Mir218-1,0.999951986,0,0
Slfn9,0.999954394,0,0
Fam150a,0.999954394,0,0
Pnp2,0.999953871,0,0
Satb2,0.999954394,0,0
4932702P03Rik,0.999951986,0,0
1700055N04Rik,0.999853293,0,0
F7,0.999953871,0,0
0610040B10Rik,0.999470342,0,0
A630075F10Rik,0.999470342,0,0
Svopl,0.999953871,0,0
Il1b,0.999953871,0,0
Cyp7a1,0.999901167,0,0
Spag17,0.999953871,0,0
Poln,0.999953871,0,0
Egr3,0.999953871,0,0
Klk10,0.999953871,0,0
Rab19,0.999954394,0,0
8430403D17Rik,0.999953871,0,0
Gna14,0.999954394,0,0
Gm14295,0.999953871,0,0
Olfr635,0.999954394,0,0
1700001F09Rik,0.999953871,0,0
Hrasls5,0.999954394,0,0
Ttll2,0.999951986,0,0
Gm9962,0.999954394,0,0
Olfr122,0.999953871,0,0
Paqr3,0.999954394,0,0
Cdkn2a,0.999954394,0,0
Btbd8,0.940768475,0,0
Colq,0.999954394,0,0
Wnt11,0.999951986,0,0
Zbtbd6,0.999954394,0,0
Gm17821,0.999951986,0,0
C030029H02Rik,0.999951986,0,0
Gm4951,0.999951986,0,0
Slc11a1,0.999954394,0,0
Zfp534,0.999954394,0,0
Nt5c1a,0.999954394,0,0
C130060K24Rik,0.999951986,0,0
Prr19,0.999954394,0,0
Pla2g2c,0.999954394,0,0
2700054A10Rik,0.999954394,1.11E-16,3.32E-15
Cyp4f40,0.999954394,1.11E-16,3.32E-15
CK137956,0.999954394,1.11E-16,3.32E-15
BB557941,0.999954394,1.11E-16,3.32E-15
Cd300a,0.999954394,1.11E-16,3.32E-15
Upp2,0.999954394,1.11E-16,3.32E-15
Zfp939,0.999954394,1.11E-16,3.32E-15
Neu3,0.999954394,1.11E-16,3.32E-15
Syce1l,0.999954394,1.11E-16,3.32E-15
4732471J01Rik,0.999954394,2.22E-16,6.62E-15
A330040F15Rik,0.999954394,2.22E-16,6.62E-15
E030019B06Rik,0.999954394,3.33E-16,9.91E-15
H2-Q5,0.999954394,4.44E-16,1.31E-14
Slc26a7,0.993171747,4.44E-16,1.31E-14
4921531C22Rik,0.999954394,4.44E-16,1.31E-14
Fam166b,0.999954394,4.44E-16,1.31E-14
Olfr1357,0.999954394,4.44E-16,1.31E-14
Rinl,0.999954394,6.66E-16,1.96E-14
Nxpe2,0.999954394,6.66E-16,1.96E-14
Gbp8,0.999954394,7.77E-16,2.28E-14
C2cd4a,0.999954394,1.11E-15,3.25E-14
Gsx1,0.924918279,1.22E-15,3.57E-14
Cdkn3,0.999954394,1.33E-15,3.89E-14
Rln1,0.999954394,1.89E-15,5.48E-14
Vnn3,0.999954394,1.89E-15,5.48E-14
Map3k15,0.999954394,1.89E-15,5.48E-14
Snora47,0.999954394,2.55E-15,7.40E-14
Lcn3,0.999954394,2.66E-15,7.66E-14
Stx11,0.999954394,2.66E-15,7.66E-14
Cyp2r1,0.999954394,2.66E-15,7.66E-14
Gm6277,0.999954394,2.66E-15,7.66E-14
Il10ra,0.999954394,2.89E-15,8.27E-14
Olfr112,0.999954394,2.89E-15,8.27E-14
Fitm2,0.999954394,3.00E-15,8.57E-14
Prrt1,0.999954394,3.33E-15,9.51E-14
Gm8300,0.999954394,3.44E-15,9.79E-14
Asb10,0.999954394,3.44E-15,9.79E-14
4930483J18Rik,0.995329708,3.77E-15,1.07E-13
Nrl,0.999954394,4.66E-15,1.32E-13
2210404O07Rik,0.999954394,7.66E-15,2.17E-13
Mir3091,0.999954394,1.25E-14,3.54E-13
Mroh5,0.999954394,1.41E-14,3.98E-13
A230072C01Rik,0.999954394,1.84E-14,5.19E-13
Prr11,0.999954394,2.00E-14,5.62E-13
Lhx6,0.999954394,2.07E-14,5.79E-13
Gm10474,0.999954394,2.20E-14,6.16E-13
Nlrp5-ps,0.999954394,2.48E-14,6.92E-13
Nmrk2,0.999954394,2.74E-14,7.66E-13
Gm5795,0.922425848,2.98E-14,8.29E-13
Kif6,0.999954394,5.00E-14,1.39E-12
Gm11944,0.999954394,5.94E-14,1.65E-12
Il1rapl2,0.989906025,6.56E-14,1.82E-12
Nkapl,0.999954394,6.59E-14,1.83E-12
Slc4a5,0.999954394,8.29E-14,2.29E-12
Irs4,0.999954394,8.29E-14,2.29E-12
Cdh7,0.999954394,8.37E-14,2.31E-12
Ccl11,0.999954394,9.31E-14,2.56E-12
Tmem71,0.999954394,1.28E-13,3.47E-12
Mcpt8,0.999954394,1.28E-13,3.47E-12
Sult2a7,0.999954394,1.28E-13,3.47E-12
Katnal2,0.999954394,1.28E-13,3.47E-12
AU015836,0.999954394,1.28E-13,3.47E-12
Ccdc68,0.999954394,1.28E-13,3.47E-12
Isl1,0.999954394,1.28E-13,3.47E-12
Defb20,0.999954394,1.28E-13,3.47E-12
Pnlip,0.999954394,1.62E-13,4.39E-12
Zcwpw1,0.851382998,1.63E-13,4.41E-12
Mipol1,0.999954394,1.78E-13,4.78E-12
BB123696,0.999954394,1.78E-13,4.78E-12
C630031E19Rik,0.999954394,1.78E-13,4.78E-12
Msln,0.999954394,2.14E-13,5.75E-12
Spdef,0.952801049,2.83E-13,7.59E-12
Plekha7,0.999954394,3.13E-13,8.38E-12
Tmie,0.999954394,3.27E-13,8.73E-12
Olfr921,0.999954394,3.74E-13,9.97E-12
4930563F08Rik,0.999954394,3.78E-13,9.99E-12
Agbl1,0.999954394,3.78E-13,9.99E-12
Pcdha11,0.999954394,3.78E-13,9.99E-12
Gpr132,0.999954394,3.78E-13,9.99E-12
Gm10658,0.999954394,3.78E-13,9.99E-12
Tk1,0.999954394,3.99E-13,1.04E-11
1700015E13Rik,0.999954394,3.99E-13,1.04E-11
C230079O03Rik,0.999954394,3.99E-13,1.04E-11
Zcchc5,0.999954394,3.99E-13,1.04E-11
Mir28b,0.999954394,3.99E-13,1.04E-11
Rcvrn,0.999954394,3.99E-13,1.04E-11
Mir186,0.999954394,3.99E-13,1.04E-11
Olfr689,0.999954394,3.99E-13,1.04E-11
Creb3l4,0.999954394,3.99E-13,1.04E-11
Tmem178b,0.999811247,4.73E-13,1.23E-11
Dio3,0.999954394,5.02E-13,1.31E-11
C130083M11Rik,0.999954394,5.40E-13,1.40E-11
Tyk2,0.999954394,6.15E-13,1.59E-11
Tmem27,0.999954394,6.23E-13,1.61E-11
Gm1564,0.999954394,8.22E-13,2.12E-11
Ifitm6,0.999954394,8.29E-13,2.14E-11
Stox1,0.999954394,1.08E-12,2.76E-11
Fsd2,0.999954394,1.08E-12,2.76E-11
AU015228,0.999954394,1.08E-12,2.76E-11
Rhox4b,0.999954394,1.08E-12,2.76E-11
Igsf6,0.999954394,1.12E-12,2.86E-11
Olfr749,0.988681616,1.13E-12,2.90E-11
F2rl3,0.998824442,1.44E-12,3.67E-11
Was,0.998824442,1.44E-12,3.67E-11
Klrk1,0.998824442,1.44E-12,3.67E-11
3830408C21Rik,0.997974563,1.47E-12,3.72E-11
Spo11,0.999954394,1.67E-12,4.22E-11
Lrriq3,0.999954394,1.89E-12,4.78E-11
Snora23,0.999954394,2.38E-12,6.00E-11
Tomt,0.999954394,2.38E-12,6.00E-11
Ccdc105,0.999954394,2.42E-12,6.01E-11
Fbp2,0.999954394,2.42E-12,6.01E-11
Cideb,0.999954394,2.42E-12,6.01E-11
Chrne,0.999954394,2.42E-12,6.01E-11
Prelid2,0.999954394,2.42E-12,6.01E-11
Afmid,0.999954394,2.42E-12,6.01E-11
Zfp92,0.999954394,2.42E-12,6.01E-11
Ang4,0.999954394,2.42E-12,6.01E-11
Tox2,0.999954394,2.42E-12,6.01E-11
Rnf207,0.999954394,2.69E-12,6.68E-11
Cacng4,0.997753644,2.72E-12,6.73E-11
Cpsf4l,0.999954394,2.98E-12,7.36E-11
1810024B03Rik,0.999954394,2.98E-12,7.36E-11
Tmed6,0.999954394,5.34E-12,1.31E-10
Gm3264,0.999954394,5.34E-12,1.31E-10
Gm16880,0.999954394,5.34E-12,1.31E-10
Ttc18,0.999954394,5.50E-12,1.35E-10
Acp5,0.999954394,6.02E-12,1.48E-10
Lrp2bp,0.999954394,6.54E-12,1.60E-10
8430431K14Rik,0.999954394,1.11E-11,2.71E-10
Scn11a,0.999954394,1.30E-11,3.18E-10
Tdrd9,0.999954394,1.32E-11,3.21E-10
Slc4a1,0.999954394,1.39E-11,3.40E-10
C920021L13Rik,0.999954394,1.55E-11,3.76E-10
Htra2,0.999954394,3.83E-11,9.29E-10
Synb,0.999954394,3.93E-11,9.47E-10
Ccdc154,0.999954394,3.93E-11,9.47E-10
Marco,0.999954394,3.93E-11,9.47E-10
Olfr545,0.999954394,3.93E-11,9.47E-10
Olfr544,0.999954394,3.93E-11,9.47E-10
Snord118,0.999954394,3.93E-11,9.47E-10
Gm5129,0.949928484,4.19E-11,1.01E-09
Hepacam2,0.999954394,5.24E-11,1.25E-09
Olfr286,0.999954394,5.24E-11,1.25E-09
Mmp21,0.999954394,5.24E-11,1.25E-09
Xpnpep3,0.999954394,5.38E-11,1.28E-09
4921530D09Rik,0.99995455,1.18E-10,2.82E-09
Slco4a1,0.999954394,1.28E-10,3.02E-09
Rpl39l,0.999954394,1.28E-10,3.02E-09
Espn,0.999954394,1.28E-10,3.02E-09
Gypa,0.999954394,1.28E-10,3.02E-09
Gja6,0.999954394,1.28E-10,3.02E-09
Tdrd1,0.999954394,1.28E-10,3.02E-09
Fcna,0.999954394,1.96E-10,4.63E-09
Plscr3,0.999954394,1.97E-10,4.63E-09
Car14,0.999954394,2.30E-10,5.41E-09
3830403N18Rik,0.999954394,3.08E-10,7.23E-09
Dusp27,0.999954394,3.08E-10,7.23E-09
Swsap1,0.999954394,3.84E-10,9.00E-09
Chst9,0.999954394,4.21E-10,9.85E-09
Gm13293,0.999954394,5.16E-10,1.21E-08
4932443I19Rik,0.999954394,5.47E-10,1.28E-08
E130215H24Rik,0.999954394,6.51E-10,1.52E-08
D430036J16Rik,0.999954394,8.09E-10,1.88E-08
Htr6,0.999954394,9.98E-10,2.32E-08
Kcnk15,0.999954394,1.01E-09,2.35E-08
Zfp169,0.98264647,1.02E-09,2.36E-08
Gpr18,0.999954394,1.09E-09,2.51E-08
Rdh12,0.993864859,1.11E-09,2.57E-08
Ar,0.999954394,1.17E-09,2.70E-08
1700040N02Rik,0.992940475,1.28E-09,2.95E-08
1500012K07Rik,0.999954394,1.38E-09,3.18E-08
1500002O10Rik,0.999954394,2.27E-09,5.18E-08
Efcab1,0.999954394,2.27E-09,5.18E-08
Batf,0.999954394,2.27E-09,5.18E-08
Prlr,0.999954394,2.27E-09,5.18E-08
Cst8,0.999954394,2.27E-09,5.18E-08
Scnn1a,0.999954394,2.30E-09,5.25E-08
Cyp27b1,0.999954394,2.45E-09,5.59E-08
Chst5,0.989412747,2.47E-09,5.63E-08
Gnat2,0.982878131,2.51E-09,5.70E-08
1700056E22Rik,0.999938457,3.32E-09,7.54E-08
Dusp9,0.933518306,3.36E-09,7.61E-08
Cd72,0.931200203,3.52E-09,7.96E-08
Phox2a,0.990176469,4.85E-09,1.09E-07
Akr1b3,0.999870097,5.43E-09,1.22E-07
Nod2,0.999954394,6.09E-09,1.37E-07
Ascl4,0.999954394,6.89E-09,1.55E-07
Bves,0.999954394,1.58E-08,3.55E-07
Dsp,0.999954394,1.65E-08,3.69E-07
Lrrc17,0.99995455,2.06E-08,4.62E-07
Myl2,0.999954394,2.13E-08,4.78E-07
Zwilch,0.99995455,2.19E-08,4.90E-07
4932441J04Rik,0.999954394,2.72E-08,6.05E-07
1700019A02Rik,0.999954394,2.72E-08,6.05E-07
Gm13154,0.999954394,2.72E-08,6.05E-07
BC021767,0.999954394,2.88E-08,6.39E-07
Ccdc142,0.999047388,2.90E-08,6.42E-07
Igj,0.950668165,3.40E-08,7.54E-07
2510003D18Rik,0.999954394,3.43E-08,7.58E-07
Ly96,0.98745946,4.02E-08,8.89E-07
Slc22a20,0.999954394,4.08E-08,8.99E-07
4931440F15Rik,0.99995455,4.49E-08,9.90E-07
E330012B07Rik,0.999954394,5.14E-08,1.13E-06
Art1,0.999954394,5.14E-08,1.13E-06
Cd37,0.999954394,5.55E-08,1.22E-06
4930486L24Rik,0.999750792,5.66E-08,1.24E-06
Rbm44,0.999954394,7.67E-08,1.68E-06
Sik2,0.807676174,7.83E-08,1.71E-06
Notum,0.99995455,9.72E-08,2.12E-06
Grem1,0.99995455,1.00E-07,2.19E-06
Prdm12,0.999954394,1.08E-07,2.34E-06
Gm10413,0.856847456,1.09E-07,2.37E-06
AI839979,0.99995455,1.48E-07,3.22E-06
Mrgbp,0.965255951,2.21E-07,4.79E-06
Rtbdn,0.999954394,2.80E-07,6.06E-06
Tmco5,0.999954394,2.90E-07,6.27E-06
Alox5,0.999954394,2.98E-07,6.43E-06
Drd5,0.999954394,3.27E-07,7.05E-06
Pi15,0.692993083,3.85E-07,8.30E-06
Fam19a3,0.837519743,5.32E-07,1.14E-05
1700102P08Rik,0.99995455,6.06E-07,1.30E-05
Smpx,0.880967863,7.23E-07,1.55E-05
Fam98c,0.999954394,9.89E-07,2.12E-05
Cd109,0.999954394,9.98E-07,2.13E-05
4831440E17Rik,0.999954394,1.12E-06,2.38E-05
Fads6,0.999954394,1.27E-06,2.71E-05
1700020D05Rik,0.932020787,1.54E-06,3.29E-05
Fdx1l,0.999954394,1.59E-06,3.39E-05
Scd3,0.999954394,1.86E-06,3.95E-05
Gm5468,0.999954394,2.36E-06,5.01E-05
Pramel3,0.799433892,2.71E-06,5.75E-05
Gm8363,0.999954394,3.04E-06,6.45E-05
Scn10a,0.999954394,3.18E-06,6.73E-05
Glul,0.35100895,3.31E-06,6.99E-05
Kif9,0.99995455,3.40E-06,7.17E-05
Sacs,0.999954394,3.78E-06,7.96E-05
Mctp2,0.99995455,3.87E-06,8.13E-05
Ggn,0.99995455,3.88E-06,8.14E-05
Fcgr1,0.99995455,3.91E-06,8.20E-05
Ovol1,0.840012823,3.95E-06,8.27E-05
A830052D11Rik,0.76270397,4.00E-06,8.38E-05
Loxl2,0.99995455,4.12E-06,8.61E-05
Dhx37,0.99995455,4.12E-06,8.61E-05
Efcab9,0.99995455,4.13E-06,8.62E-05
Nhlh2,0.992294796,4.18E-06,8.69E-05
Clic3,0.99995455,4.20E-06,8.74E-05
Rsph4a,0.99995455,4.21E-06,8.74E-05
Olfr1062,0.99995455,4.69E-06,8.84E-05
Tnfrsf9,0.99995455,4.49E-06,8.84E-05
Zfp825,0.99995455,4.37E-06,8.84E-05
Car13,0.99995455,4.52E-06,8.84E-05
Serpinb1c,0.99995455,4.69E-06,8.84E-05
9530026F06Rik,0.99995455,4.63E-06,8.84E-05
Pde6a,0.99995455,4.63E-06,8.84E-05
Wt1,0.99995455,4.69E-06,8.84E-05
C1qtnf3,0.99995455,4.76E-06,8.84E-05
4930555G01Rik,0.99995455,4.60E-06,8.84E-05
Runx3,0.99995455,4.76E-06,8.84E-05
Lrrc34,0.99995455,4.76E-06,8.84E-05
Prss48,0.99995455,4.63E-06,8.84E-05
Masp1,0.608282444,4.74E-06,8.84E-05
Ccdc135,0.608282444,4.74E-06,8.84E-05
Gypc,0.608282444,4.74E-06,8.84E-05
A930007I19Rik,0.608282444,4.74E-06,8.84E-05
Klhl41,0.99995455,4.42E-06,8.84E-05
Cnga4,0.99995455,4.76E-06,8.84E-05
1700028E10Rik,0.608282444,4.74E-06,8.84E-05
1700065J18Rik,0.99995455,4.64E-06,8.84E-05
AW495222,0.99995455,4.76E-06,8.84E-05
Ccr9,0.99995455,4.41E-06,8.84E-05
Vnn1,0.99995455,4.76E-06,8.84E-05
E230008N13Rik,0.99995455,4.63E-06,8.84E-05
Gdap10,0.99995455,4.68E-06,8.84E-05
Shbg,0.99995455,4.71E-06,8.84E-05
Hsf2bp,0.999954394,4.69E-06,8.84E-05
A330032B11Rik,0.99995455,4.45E-06,8.84E-05
Igf2as,0.99995455,4.77E-06,8.84E-05
Tnnc1,0.99995455,4.49E-06,8.84E-05
Sema3b,0.99995455,4.62E-06,8.84E-05
5730405O15Rik,0.99995455,4.79E-06,8.84E-05
Muc13,0.99995455,4.79E-06,8.84E-05
Tshb,0.99995455,4.79E-06,8.84E-05
Vmn1r209,0.99995455,4.73E-06,8.84E-05
Tcf23,0.99995455,4.63E-06,8.84E-05
Exo1,0.99995455,4.63E-06,8.84E-05
0610039K10Rik,0.99995455,4.63E-06,8.84E-05
Rnd2,0.99995455,4.60E-06,8.84E-05
Ly6i,0.99995455,4.63E-06,8.84E-05
Gm13051,0.99995455,4.63E-06,8.84E-05
Epm2a,0.99995455,4.76E-06,8.84E-05
4931403G20Rik,0.99995455,4.63E-06,8.84E-05
Il22,0.99995455,4.76E-06,8.84E-05
Zfp661,0.99995455,4.50E-06,8.84E-05
Gm4890,0.99995455,4.55E-06,8.84E-05
Ces1f,0.99995455,4.76E-06,8.84E-05
Kcnk10,0.99995455,4.70E-06,8.84E-05
C1rb,0.99995455,4.45E-06,8.84E-05
Gm9705,0.99995455,4.36E-06,8.84E-05
Adap2,0.99995455,4.60E-06,8.84E-05
Snord47,0.99995455,4.32E-06,8.84E-05
Gpx2-ps1,0.99995455,4.79E-06,8.84E-05
A930012L18Rik,0.99995455,4.79E-06,8.84E-05
Rspo2,0.99995455,4.79E-06,8.84E-05
Eda2r,0.99995455,4.79E-06,8.84E-05
A230020J21Rik,0.99995455,4.79E-06,8.84E-05
Dsc2,0.99995455,4.58E-06,8.84E-05
D330050I16Rik,0.99995455,4.52E-06,8.84E-05
Casc1,0.99995455,4.76E-06,8.84E-05
Snord67,0.99995455,4.76E-06,8.84E-05
Rtdr1,0.99995455,4.76E-06,8.84E-05
Pcp2,0.99995455,4.76E-06,8.84E-05
Ttc25,0.99995455,4.58E-06,8.84E-05
Akr1b8,0.99995455,4.65E-06,8.84E-05
Gm933,0.99995455,4.76E-06,8.84E-05
Trim75,0.99995455,4.72E-06,8.84E-05
Stk31,0.99995455,4.72E-06,8.84E-05
Olfr1297,0.99995455,4.72E-06,8.84E-05
Fhl5,0.99995455,4.72E-06,8.84E-05
Fam47e,0.99995455,4.76E-06,8.84E-05
Dennd2d,0.99995455,4.75E-06,8.84E-05
5830444B04Rik,0.99995455,4.52E-06,8.84E-05
4930512B01Rik,0.99995455,4.77E-06,8.84E-05
BC048679,0.99995455,4.52E-06,8.84E-05
Cdx1,0.99995455,4.75E-06,8.84E-05
S100g,0.99995455,4.75E-06,8.84E-05
Slc38a11,0.99995455,4.77E-06,8.84E-05
Lao1,0.99995455,4.75E-06,8.84E-05
Gm13032,0.99995455,4.77E-06,8.84E-05
Pcdha10,0.99995455,4.31E-06,8.84E-05
Irx6,0.99995455,4.57E-06,8.84E-05
Mir138-2,0.99995455,4.79E-06,8.84E-05
Prph,0.99995455,4.79E-06,8.84E-05
Il4i1,0.99995455,4.38E-06,8.84E-05
Aurkb,0.99995455,4.79E-06,8.84E-05
Vmn2r18,0.99995455,4.79E-06,8.84E-05
Atp6v0a4,0.608282444,4.74E-06,8.84E-05
Skor1,0.99995455,4.79E-06,8.84E-05
Ifi204,0.99995455,4.47E-06,8.84E-05
Spata3,0.99995455,4.71E-06,8.84E-05
Nron,0.99995455,4.46E-06,8.84E-05
Trim43a,0.99995455,4.66E-06,8.84E-05
H2afb1,0.99995455,4.77E-06,8.84E-05
Syne3,0.99995455,4.50E-06,8.84E-05
Ifitm10,0.99995455,4.58E-06,8.84E-05
Tll1,0.99995455,4.71E-06,8.84E-05
Scgb3a1,0.99995455,4.84E-06,8.85E-05
Lpcat1,0.99995455,4.85E-06,8.85E-05
Tmem138,0.99995455,4.85E-06,8.85E-05
Aox4,0.99995455,4.84E-06,8.85E-05
Slc22a13b-ps,0.99995455,4.82E-06,8.85E-05
Spata32,0.99995455,4.84E-06,8.85E-05
Gm11435,0.99995455,4.85E-06,8.85E-05
Fmo6,0.99995455,4.81E-06,8.85E-05
Lrit2,0.99995455,4.85E-06,8.85E-05
Cpn1,0.99995455,4.84E-06,8.85E-05
Zbtb32,0.99995455,4.86E-06,8.85E-05
Lhcgr,0.99995455,4.86E-06,8.85E-05
Pcdhga8,0.99995455,4.90E-06,8.92E-05
Crygn,0.99995455,4.93E-06,8.96E-05
Ch25h,0.99995455,4.94E-06,8.96E-05
Uhrf1,0.99995455,4.94E-06,8.96E-05
Gpx2,0.99995455,4.96E-06,8.99E-05
Lhfpl1,0.99995455,4.98E-06,9.01E-05
Gbp5,0.99995455,5.07E-06,9.03E-05
Prdm8,0.99995455,5.21E-06,9.03E-05
Tnf,0.99995455,5.21E-06,9.03E-05
Acoxl,0.99995455,5.21E-06,9.03E-05
Ces4a,0.99995455,5.21E-06,9.03E-05
Prdm9,0.99995455,5.21E-06,9.03E-05
Gpat2,0.99995455,5.20E-06,9.03E-05
Olfr193,0.99995455,5.08E-06,9.03E-05
Gm10400,0.99995455,5.08E-06,9.03E-05
Snord19,0.99995455,5.08E-06,9.03E-05
Slc26a4,0.99995455,5.08E-06,9.03E-05
Pirt,0.99995455,5.08E-06,9.03E-05
Lrrc8b,0.99995455,5.08E-06,9.03E-05
Btk,0.99995455,5.22E-06,9.03E-05
Olfr1204,0.99995455,5.22E-06,9.03E-05
Cyp1a2,0.99995455,5.22E-06,9.03E-05
Acpp,0.99995455,5.22E-06,9.03E-05
Olfr39,0.99995455,5.22E-06,9.03E-05
Aadac,0.99995455,5.22E-06,9.03E-05
H19,0.99995455,5.22E-06,9.03E-05
Slc10a5,0.99995455,5.22E-06,9.03E-05
Vmn2r85,0.99995455,5.22E-06,9.03E-05
Fcgr4,0.99995455,5.22E-06,9.03E-05
Gata6,0.99995455,5.22E-06,9.03E-05
Dspp,0.99995455,5.22E-06,9.03E-05
Gm10375,0.99995455,5.03E-06,9.03E-05
Gm16982,0.99995455,5.03E-06,9.03E-05
4921509C19Rik,0.99995455,5.03E-06,9.03E-05
Ccdc108,0.99995455,5.03E-06,9.03E-05
Vill,0.99995455,5.14E-06,9.03E-05
Mfsd2b,0.99995455,5.17E-06,9.03E-05
Gm7008,0.99995455,5.08E-06,9.03E-05
Gm609,0.99995455,5.12E-06,9.03E-05
Olfr1202,0.99995455,5.22E-06,9.03E-05
Gm5464,0.99995455,5.12E-06,9.03E-05
B430212C06Rik,0.99995455,5.05E-06,9.03E-05
Syce1,0.99995455,5.05E-06,9.03E-05
Pdpr,0.99995455,5.10E-06,9.03E-05
Fgr,0.99995455,5.12E-06,9.03E-05
1700122O11Rik,0.99995455,5.12E-06,9.03E-05
Prr15l,0.99995455,5.06E-06,9.03E-05
Dock8,0.99995455,5.29E-06,9.14E-05
Mfap4,0.99995455,5.40E-06,9.31E-05
Shmt1,0.99995455,5.51E-06,9.49E-05
Ap5b1,0.99995455,5.51E-06,9.49E-05
A530016L24Rik,0.99995455,5.53E-06,9.51E-05
Zfp809,0.99995455,5.54E-06,9.52E-05
Sgol2,0.99995455,5.62E-06,9.64E-05
St6galnac3,0.99995455,5.62E-06,9.64E-05
Wbscr25,0.99995455,5.68E-06,9.67E-05
Pde3a,0.99995455,5.68E-06,9.67E-05
Cyp4f17,0.99995455,5.68E-06,9.67E-05
1700012I11Rik,0.99995455,5.68E-06,9.67E-05
Gm10649,0.99995455,5.68E-06,9.67E-05
Drd4,0.99995455,5.68E-06,9.67E-05
Uprt,0.99995455,5.73E-06,9.74E-05
Il12a,0.99995455,5.74E-06,9.76E-05
5830403L16Rik,0.99995455,5.80E-06,9.85E-05
Xkr4,0.99995455,5.84E-06,9.91E-05
Grin2d,0.99995455,5.88E-06,9.96E-05
Col6a4,0.99995455,5.89E-06,9.96E-05
Lgals7,0.99995455,5.94E-06,0.000100327
9330159M07Rik,0.99995455,5.94E-06,0.000100327
Gab3,0.99995455,6.02E-06,0.000101583
Pgr15l,0.99995455,6.07E-06,0.00010235
Fezf1,0.99995455,6.08E-06,0.000102424
Enpp3,0.99995455,6.19E-06,0.000104027
Gm5134,0.99995455,6.22E-06,0.000104027
Gpr52,0.99995455,6.22E-06,0.000104027
Ccna1,0.99995455,6.22E-06,0.000104027
Hist1h3d,0.99995455,6.22E-06,0.000104027
Dpy19l2,0.99995455,6.22E-06,0.000104027
Def6,0.99995455,6.28E-06,0.000104968
4930581F22Rik,0.99995455,6.31E-06,0.000105337
Hist1h3e,0.99995455,6.36E-06,0.00010617
Msi1,0.99995455,6.44E-06,0.000107306
Plaur,0.99995455,6.69E-06,0.000111343
4933417D19Rik,0.96361501,6.75E-06,0.000112169
Ear1,0.99995455,6.75E-06,0.000112169
Nlrp1c-ps,0.99995455,6.79E-06,0.000112327
BB014433,0.99995455,6.79E-06,0.000112327
Olfr723,0.99995455,6.79E-06,0.000112327
Gm15545,0.99995455,6.79E-06,0.000112327
Olfr691,0.99995455,6.79E-06,0.000112327
4933433G19Rik,0.99995455,6.87E-06,0.0001125
Pmfbp1,0.99995455,6.87E-06,0.0001125
Ucn2,0.99995455,6.87E-06,0.0001125
Sftpd,0.99995455,6.87E-06,0.0001125
Spns3,0.99995455,6.87E-06,0.0001125
Ctsw,0.99995455,6.87E-06,0.0001125
A930003O13Rik,0.99995455,6.87E-06,0.0001125
Calr3,0.99995455,6.87E-06,0.0001125
2410021H03Rik,0.99995455,6.87E-06,0.0001125
Ints7,0.99995455,6.92E-06,0.000113307
Scel,0.967122688,7.17E-06,0.000117301
Cdrt4,0.99995455,7.24E-06,0.000118223
Slc2a4,0.99995455,7.37E-06,0.00012025
Nipal4,0.99995455,7.38E-06,0.000120259
Ldhal6b,0.99995455,7.59E-06,0.00012358
AI661453,0.99995455,7.75E-06,0.000126073
Htra4,0.99995455,7.84E-06,0.000127436
Cmah,0.99995455,7.89E-06,0.000128173
9530026P05Rik,0.99995455,7.98E-06,0.000128846
Dqx1,0.99995455,7.98E-06,0.000128846
Tcp10b,0.99995455,7.98E-06,0.000128846
1700001C02Rik,0.99995455,7.98E-06,0.000128846
Mir300,0.99995455,7.98E-06,0.000128846
Gabrr1,0.99995455,7.98E-06,0.000128846
Ccr1,0.99995455,8.14E-06,0.000131278
Mrap,0.99995455,8.17E-06,0.000131511
1700034G24Rik,0.99995455,8.19E-06,0.000131775
Cyp2u1,0.99995455,8.26E-06,0.000132837
Fut7,0.968210832,8.41E-06,0.00013492
Xlr3a,0.99995455,8.43E-06,0.00013492
Angptl3,0.99995455,8.43E-06,0.00013492
Arhgef37,0.789002591,8.43E-06,0.00013492
Tex14,0.99995455,8.52E-06,0.000136347
Ifltd1,0.99995455,8.62E-06,0.000137816
Tas1r3,0.99995455,8.91E-06,0.000142278
4931430N09Rik,0.99995455,8.93E-06,0.000142383
Rarres2,0.99995455,9.02E-06,0.000143665
Fam57a,0.99995455,9.18E-06,0.000145907
Siglech,0.99995455,9.18E-06,0.000145907
Dlx3,0.99995455,9.18E-06,0.000145907
S1pr4,0.99995455,9.31E-06,0.000147728
G630093K05Rik,0.99995455,9.46E-06,0.000149888
H2afy3,0.99995455,9.46E-06,0.000149888
5031410I06Rik,0.99995455,9.67E-06,0.000152917
A930006K02Rik,0.99995455,9.67E-06,0.000152917
Pms1,0.99995455,9.73E-06,0.000153546
Gdnf,0.99995455,9.73E-06,0.000153546
Pou5f1,0.99995455,1.00E-05,0.000154954
Rpl26,0.99995455,1.00E-05,0.000154954
Ticrr,0.99995455,1.00E-05,0.000154954
Tgm1,0.99995455,1.00E-05,0.000154954
Pappa2,0.99995455,1.00E-05,0.000154954
Ldoc1,0.99995455,9.98E-06,0.000154954
Kif24,0.99995455,1.00E-05,0.000154954
Timd2,0.99995455,1.00E-05,0.000154954
Snora7a,0.99995455,1.00E-05,0.000154954
Lzts1,0.99995455,1.00E-05,0.000154954
Crygs,0.99995455,1.00E-05,0.000154954
Mc4r,0.99995455,1.00E-05,0.000154954
Klkb1,0.99995455,1.00E-05,0.000154954
Casr,0.99995455,1.00E-05,0.000154954
Srrd,0.99995455,1.00E-05,0.000154954
Papln,0.99995455,1.00E-05,0.000154954
Prrg4,0.99995455,9.86E-06,0.000154954
Gm11570,0.99995455,1.00E-05,0.000154954
Scube3,0.99995455,1.00E-05,0.000154954
Arntl2,0.99995455,1.00E-05,0.000154954
Prss41,0.99995455,1.00E-05,0.000154954
Mmp12,0.99995455,1.00E-05,0.000154954
BC028528,0.99995455,1.01E-05,0.00015631
3010001F23Rik,0.99995455,1.02E-05,0.000156508
Fbp1,0.99995455,1.02E-05,0.000156701
Map3k7cl,0.99995455,1.02E-05,0.000157546
Lypd6b,0.99995455,1.04E-05,0.000159433
Csl,0.99995455,1.06E-05,0.00016216
Lrrc47,0.99995455,1.08E-05,0.000166439
Glt1d1,0.99995455,1.10E-05,0.000167921
Nos1,0.83003035,1.10E-05,0.00016851
2610027K06Rik,0.99995455,1.11E-05,0.000169678
Tubb2a-ps2,0.99995455,1.12E-05,0.000170957
Cd14,0.890673707,1.12E-05,0.000171271
Gm14023,0.99995455,1.14E-05,0.000172214
A730043L09Rik,0.99995455,1.14E-05,0.000172214
Rag2,0.99995455,1.14E-05,0.000172214
Mir130a,0.99995455,1.14E-05,0.000172214
4933425B07Rik,0.99995455,1.14E-05,0.000172214
Ces1c,0.99995455,1.14E-05,0.000172214
Oas2,0.99995455,1.14E-05,0.000172214
Rdh9,0.99995455,1.14E-05,0.000172214
Ccdc36,0.99995455,1.14E-05,0.000172214
Spem1,0.99995455,1.16E-05,0.000175476
Plau,0.99995455,1.17E-05,0.000176159
Fam160a1,0.99995455,1.17E-05,0.000176161
Col19a1,0.99995455,1.19E-05,0.000178873
Pcdhga6,0.99995455,1.19E-05,0.000178873
Il17b,0.99995455,1.19E-05,0.000179917
Hsd17b2,0.99995455,1.21E-05,0.000181617
Pon1,0.99995455,1.22E-05,0.000184046
Ahrr,0.99995455,1.24E-05,0.000186357
Supt20,0.99995455,1.24E-05,0.000186554
Spon2,0.99995455,1.30E-05,0.000195506
Slc14a2,0.99995455,1.33E-05,0.000198823
Lrguk,0.99995455,1.39E-05,0.000208261
Ube2u,0.99995455,1.42E-05,0.000212397
F420014N23Rik,0.99995455,1.43E-05,0.000213446
Hcst,0.99995455,1.43E-05,0.000213446
Birc5,0.99995455,1.44E-05,0.000214143
6030407O03Rik,0.99995455,1.44E-05,0.000214143
Rhbg,0.99995455,1.44E-05,0.000214515
3632454L22Rik,0.99995455,1.46E-05,0.000216837
1110020A21Rik,0.678952486,1.46E-05,0.000216837
Morc2b,0.99995455,1.47E-05,0.000218721
Irak3,0.99995455,1.50E-05,0.000222115
Clcn6,0.99995455,1.52E-05,0.000225597
4933407K13Rik,0.99995455,1.53E-05,0.000226167
Fam198b,0.99995455,1.53E-05,0.000226862
C2cd4b,0.99995455,1.54E-05,0.000226877
Neurog1,0.99995455,1.56E-05,0.00022976
Neil3,0.99995455,1.56E-05,0.000230162
Pabpc2,0.99995455,1.57E-05,0.000230802
1700109H08Rik,0.99995455,1.57E-05,0.000231195
Mir690,0.99995455,1.57E-05,0.000231195
Epn3,0.99995455,1.58E-05,0.000231423
Spn,0.99995455,1.58E-05,0.000231423
Gm21119,0.99995455,1.58E-05,0.000231702
Gabrg3,0.99995455,1.70E-05,0.00024918
Tnfrsf1b,0.99995455,1.73E-05,0.000252652
Tectb,0.99995455,1.73E-05,0.000252944
Gm711,0.99995455,1.73E-05,0.000253118
Aqp3,0.99995455,1.77E-05,0.000258149
Slc17a8,0.99995455,1.82E-05,0.000264968
Sv2c,0.99995455,1.84E-05,0.000268087
Nhs,0.826532623,1.87E-05,0.000272058
Tnfrsf4,0.99995455,1.93E-05,0.000280211
Rin3,0.99995455,1.97E-05,0.000285647
Gm15319,0.99995455,1.98E-05,0.000286963
Ppp3r2,0.80184718,1.98E-05,0.000287197
Ripk4,0.99995455,2.00E-05,0.000290511
A630001G21Rik,0.99995455,2.05E-05,0.000296525
Gbp4,0.99995455,2.06E-05,0.000298568
4930515L03Rik,0.99995455,2.10E-05,0.000303864
Kcnk4,0.99995455,2.11E-05,0.000305354
Zfp185,0.99995455,2.12E-05,0.000305354
Arhgef39,0.99995455,2.15E-05,0.00030928
Gm6498,0.99995455,2.15E-05,0.00030941
Gm20597,0.567617984,2.18E-05,0.000313963
9330188P03Rik,0.99995455,2.19E-05,0.000315604
Bcl2a1d,0.99995455,2.20E-05,0.000315771
Gm15910,0.564727039,2.23E-05,0.000319572
Hyls1,0.99995455,2.23E-05,0.000319687
Slitrk6,0.99995455,2.25E-05,0.000322991
Mamstr,0.99995455,2.27E-05,0.000325158
Zkscan14,0.99995455,2.44E-05,0.000348279
4833412C05Rik,0.99995455,2.45E-05,0.000349548
Eps8l1,0.99995455,2.48E-05,0.000354508
Cysltr2,0.99995455,2.57E-05,0.000366285
Cnfn,0.99995455,2.63E-05,0.000374439
2010015L04Rik,0.813910696,2.70E-05,0.000384972
AI182371,0.99995455,2.74E-05,0.000388587
Cd101,0.99995455,2.74E-05,0.000388587
Rgn,0.99995455,2.74E-05,0.000388587
Eqtn,0.99995455,2.79E-05,0.000396245
Tacstd2,0.99995455,2.82E-05,0.000398272
Ildr1,0.99995455,2.82E-05,0.000398272
Cntnap5a,0.99995455,2.82E-05,0.000398272
Fxyd3,0.99995455,2.82E-05,0.000398272
Alkbh8,0.99995455,2.84E-05,0.000400799
Gm11346,0.99995455,2.88E-05,0.000406249
Adamtsl3,0.99995455,2.89E-05,0.000408063
Slc26a6,0.99995455,3.20E-05,0.000449144
4933402J15Rik,0.99995455,3.20E-05,0.000449144
C1qtnf9,0.99995455,3.20E-05,0.000449144
Il7,0.99995455,3.20E-05,0.000449144
Zfp457,0.99995455,3.20E-05,0.000449144
Plek2,0.99995455,3.20E-05,0.000449144
Gtpbp6,0.99995455,3.20E-05,0.000449144
Ccdc166,0.99995455,3.22E-05,0.000450832
Rimbp3,0.99995455,3.27E-05,0.0004571
Jph2,0.99995455,3.29E-05,0.000459287
Dydc2,0.99995455,3.29E-05,0.000459287
Gm19277,0.99995455,3.29E-05,0.000459287
Gm15760,0.996737745,3.32E-05,0.000462791
Fgfr4,0.99995455,3.33E-05,0.00046364
Zfp382,0.99995455,3.52E-05,0.000489446
Mybl1,0.99995455,3.53E-05,0.000491213
Slc5a8,0.834840231,3.61E-05,0.000501344
Cacna2d4,0.99995455,3.65E-05,0.000507093
Fam186b,0.7569959,3.67E-05,0.000509017
Card6,0.658403574,3.74E-05,0.0005181
Catsper2,0.99995455,3.79E-05,0.0005253
Mks1,0.99995455,3.82E-05,0.000528886
Ccr2,0.99995455,4.24E-05,0.00058565
Nudt1,0.99995455,4.25E-05,0.000587322
Smc1b,0.99995455,4.33E-05,0.000597612
1500016L03Rik,0.99995455,4.36E-05,0.000601522
Chodl,0.99995455,4.46E-05,0.000614196
Fam181a,0.99995455,4.50E-05,0.000619193
Ppfia2,0.196160172,4.54E-05,0.000624634
Xpo4,0.99995455,4.55E-05,0.00062557
Gm4477,0.99995455,4.68E-05,0.000643271
Gm16897,0.955783262,4.70E-05,0.000644528
2700038G22Rik,0.99995455,4.73E-05,0.000648134
Pnma1,0.968381018,4.76E-05,0.000651649
Nanos2,0.99995455,4.77E-05,0.000653103
Iltifb,0.99995455,4.78E-05,0.000654336
Prss45,0.99995455,4.80E-05,0.000655308
Oca2,0.99995455,4.83E-05,0.00065934
Pcp4,0.198657084,4.84E-05,0.000659681
1700071M16Rik,0.99995455,4.97E-05,0.000677744
Tcte1,0.99995455,5.03E-05,0.000685121
Tlr12,0.99995455,5.06E-05,0.00068892
Gckr,0.99995455,5.19E-05,0.000702261
Gm10319,0.99995455,5.19E-05,0.000702261
AI115009,0.99995455,5.19E-05,0.000702261
Opn4,0.99995455,5.19E-05,0.000702261
Bhmt2,0.99995455,5.20E-05,0.000702261
Mirlet7i,0.99995455,5.20E-05,0.000702261
4930507D05Rik,0.99995455,5.20E-05,0.000702261
Dph1,0.99995455,5.19E-05,0.000702261
A230009B12Rik,0.99995455,5.24E-05,0.000707291
Npff,0.99995455,5.33E-05,0.000719485
Dpys,0.99995455,5.45E-05,0.00073525
Trpc1,0.951683485,5.48E-05,0.000737747
Olfr1301,0.99995455,5.60E-05,0.000754378
B3gnt9,0.775765366,5.87E-05,0.000789187
Gng4,0.133954329,5.91E-05,0.0007946
Casz1,0.99995455,5.96E-05,0.000800357
Ern1,0.99995455,5.97E-05,0.000801525
Morn3,0.99995455,6.14E-05,0.000822955
Ppp1r36,0.858562475,6.16E-05,0.00082445
4921533I20Rik,0.99995455,6.17E-05,0.000825143
Pcdhb21,0.99995455,6.41E-05,0.000856782
Prr15,0.99995455,6.46E-05,0.000862691
Nprl3,0.691033019,6.53E-05,0.000871278
Tpo,0.99995455,6.61E-05,0.000882075
Trim63,0.981381357,6.68E-05,0.000886922
Wisp2,0.981381357,6.68E-05,0.000886922
Cr2,0.981381357,6.68E-05,0.000886922
A230077H06Rik,0.981381357,6.68E-05,0.000886922
Ccl5,0.981381357,6.68E-05,0.000886922
Sesn2,0.99995455,6.69E-05,0.000887386
Hephl1,0.99995455,6.82E-05,0.000904891
Rxfp3,0.99995455,7.02E-05,0.000930795
Nlrc5,0.730827887,7.07E-05,0.000935439
Pask,0.99995455,7.44E-05,0.000984075
Wnt3,0.99995455,7.61E-05,0.001005994
Gdpd3,0.99995455,7.66E-05,0.001011345
D330022K07Rik,0.99995455,7.80E-05,0.001029076
Ccnjl,0.99995455,7.83E-05,0.001032349
Mustn1,0.99995455,8.04E-05,0.001058681
Solh,0.99995455,8.28E-05,0.001089955
Chaf1b,0.99995455,8.42E-05,0.00110741
Taf1c,0.99995455,8.67E-05,0.001139552
Iqcc,0.99995455,9.11E-05,0.001195837
C3,0.99995455,9.46E-05,0.001241202
Arl14epl,0.99995455,9.57E-05,0.00125485
Gpr149,0.99995455,9.79E-05,0.001282358
4930404N11Rik,0.99995455,9.94E-05,0.001301004
Exosc9,0.818319253,0.000100863,0.001319274
Ear2,0.99995455,0.000103313,0.001350225
Twist1,0.99995455,0.000103416,0.001350482
5430427O19Rik,0.99995455,0.00010399,0.001356893
Leap2,0.99995455,0.00010535,0.001373531
Hnrnph3,0.99995455,0.0001066,0.001388711
Slc2a9,0.99995455,0.00010859,0.001413498
9530051G07Rik,0.99995455,0.000109228,0.001420669
Gins1,0.99995455,0.000110736,0.001439129
Foxm1,0.99995455,0.000110894,0.001440025
Lbp,0.99995455,0.00011213,0.001454903
Slc22a18,0.99995455,0.000112332,0.001456367
Cops7b,0.816972344,0.000113464,0.001469862
Zfp110,0.798514714,0.00011443,0.001481196
Gm5595,0.99995455,0.000122426,0.001583431
Wasf3,0.308247244,0.000130346,0.001684529
Sult5a1,0.99995455,0.000134606,0.0017382
1700034F02Rik,0.99995455,0.000137158,0.001768339
Nlrp3,0.99995455,0.000137158,0.001768339
Jup,0.142716096,0.000138887,0.001789207
1110015O18Rik,0.99995455,0.000139362,0.001793896
Gm6484,0.99995455,0.00013972,0.001795661
Atp6v0c,0.99995455,0.00013972,0.001795661
Wdr63,0.99995455,0.000140812,0.001808254
Ucma,0.99995455,0.000141601,0.001816948
Zfp935,0.99995455,0.000142091,0.001821797
Stk32a,0.99995455,0.000152236,0.001950329
Speer4b,0.99995455,0.000154508,0.001977172
Prkag3,0.99995455,0.000154575,0.001977172
Pcdha7,0.974795028,0.000155084,0.001980557
Abca6,0.99995455,0.000154996,0.001980557
Slc25a2,0.99995455,0.00016034,0.002046072
Pstpip2,0.99995455,0.000164104,0.002092455
Pcdha3,0.512869159,0.000164831,0.002100072
1700048O20Rik,0.877157188,0.000167208,0.002128681
Mettl24,0.99995455,0.000172477,0.002192323
Mirlet7d,0.99995455,0.000172397,0.002192323
Copg2,0.99995455,0.000172715,0.002193634
Harbi1,0.99995455,0.000173562,0.00220266
Map4k1,0.99995455,0.000175897,0.002229645
Cml3,0.99995455,0.000175963,0.002229645
Cdkl1,0.99995455,0.000177135,0.002242746
1700049L16Rik,0.732732235,0.00018184,0.002296931
4930451I11Rik,0.732732235,0.00018184,0.002296931
AY358078,0.732732235,0.00018184,0.002296931
Wnt10b,0.99995455,0.000183345,0.002314139
Gli1,0.99995455,0.000184079,0.002321602
Qrfp,0.821789574,0.000187086,0.002354038
Gal3st3,0.99995455,0.000187046,0.002354038
C2,0.99995455,0.000186937,0.002354038
Epha1,0.99995455,0.000187369,0.002355771
4933422A05Rik,0.99995455,0.000190122,0.002388531
Mb21d1,0.646910655,0.000191809,0.002407861
Chaf1a,0.99995455,0.000194089,0.002434593
Emp1,0.99995455,0.000198295,0.002484806
Psd4,0.99995455,0.000198398,0.002484806
Vit,0.99995455,0.00019956,0.002497423
Khdc3,0.99995455,0.000206554,0.002582961
Ephb1,0.99995455,0.000210044,0.002624583
Prnd,0.99995455,0.000211395,0.002639429
9230110C19Rik,0.99995455,0.000212701,0.002653693
Strc,0.99995455,0.00021554,0.002687045
Pld6,0.99995455,0.000224814,0.002800511
Art5,0.99995455,0.000225492,0.002806792
Cd7,0.99995455,0.000229691,0.002856871
Ptpn20,0.99995455,0.000230508,0.002864829
Slc7a7,0.99995455,0.000231944,0.002880472
Bst1,0.99995455,0.000242816,0.00301319
Pax6os1,0.99995455,0.000245764,0.003047442
Dct,0.99995455,0.000246936,0.003059633
Naip5,0.975007929,0.000247959,0.003062948
Zscan25,0.975007929,0.000247959,0.003062948
1700024G13Rik,0.975007929,0.000247959,0.003062948
D630024D03Rik,0.975007929,0.000247959,0.003062948
Rrh,0.99995455,0.000255573,0.0031546
Adam21,0.99995455,0.000257632,0.003177595
Piezo2,0.99995455,0.000258046,0.003180282
Scd4,0.99995455,0.000260125,0.003203463
Snora21,0.99995455,0.000263884,0.003247292
Nudt10,0.99995455,0.000264941,0.00325783
Pyroxd1,0.99995455,0.000270058,0.003318229
Fam163b,0.122110849,0.000273908,0.003362994
Pgbd1,0.99995455,0.000275753,0.003383079
A730056A06Rik,0.99995455,0.000283992,0.003481529
Gm2721,0.99995455,0.000291566,0.003571681
Fbxo24,0.99995455,0.000292409,0.003579313
Trerf1,0.99995455,0.000294986,0.003608123
Pkdrej,0.99995455,0.000295788,0.003615211
Apoa1,0.99995455,0.000301756,0.003685373
Rnf17,0.99995455,0.000307672,0.003754805
Grm4,0.794159867,0.000309732,0.0037771
Samd5,0.99995455,0.000310954,0.003789159
Rbfox3,0.130210397,0.000314689,0.003831787
Ncdn,0.133044698,0.000336442,0.004093584
Stbd1,0.521322998,0.000346595,0.004213961
Sparcl1,0.112018727,0.000349582,0.004247094
Mapk1ip1,0.99995455,0.00035368,0.004293664
H6pd,0.99995455,0.000356916,0.004329706
Ankar,0.99995455,0.000380399,0.004611124
Tmem54,0.99995455,0.000387011,0.00468777
Ccl8,0.99995455,0.000389739,0.004717297
Ncf1,0.99995455,0.000406221,0.004913118
5430435G22Rik,0.99995455,0.000407067,0.004916093
Lad1,0.99995455,0.000407073,0.004916093
Dbil5,0.99995455,0.000407828,0.004921545
BC025920,0.99995455,0.000422355,0.005093067
Zfp658,0.84366574,0.000425697,0.005129559
Cngb1,0.99995455,0.000431678,0.005197763
Olfr935,0.99995455,0.000438849,0.005280181
Tmprss9,0.99995455,0.000442854,0.005324426
Npb,0.99995455,0.000452376,0.005434879
Ccdc18,0.99995455,0.000455761,0.005471492
Polr2a,0.99995455,0.00045873,0.00550306
C1ra,0.99995455,0.00045911,0.005503555
Rslcan18,0.978899414,0.00046646,0.00557518
Spata2l,0.241926177,0.000465565,0.00557518
Gm11128,0.978899414,0.00046646,0.00557518
Ctla4,0.978899414,0.00046646,0.00557518
Rxfp1,0.99995455,0.000469287,0.005604837
Pim1,0.99995455,0.000485827,0.005798106
Rims3,0.99995455,0.000490201,0.005846003
Gm10548,0.99995455,0.000491856,0.005861429
Hkdc1,0.99995455,0.000492561,0.005865526
Vangl1,0.99995455,0.000501098,0.005962807
Cxcl16,0.99995455,0.000534572,0.006356465
Gchfr,0.99995455,0.000539895,0.006415065
A930041C12Rik,0.99995455,0.000543822,0.006456986
Zik1,0.99995455,0.000544643,0.006462009
Zfp418,0.99995455,0.000551608,0.006539864
Meox2,0.99995455,0.000552602,0.006546858
Ifnlr1,0.99995455,0.00055411,0.006559934
Gm2061,0.99995455,0.000572313,0.006770497
Il3ra,0.99995455,0.000572823,0.00677158
Ddx60,0.99995455,0.00057557,0.0067991
Amt,0.99995455,0.000578684,0.006830913
Piwil2,0.485375415,0.000594191,0.007008862
Abca8b,0.99995455,0.000595458,0.007018699
Gm6297,0.99995455,0.000610287,0.007188264
Olfr32,0.99995455,0.000611443,0.00719666
Wdr93,0.99995455,0.000623564,0.007333997
Itgb7,0.301416276,0.000624926,0.007344698
Xrcc2,0.99995455,0.000627618,0.007370989
Klk13,0.99995455,0.000632889,0.007427514
Zfp865,0.99995455,0.000639633,0.00750124
Myzap,0.99995455,0.000642211,0.007526023
Gcfc2,0.99995455,0.000645318,0.00755698
Ldb2,0.99995455,0.000679319,0.007949408
Zfp707,0.99995455,0.000690315,0.008072254
Muc2,0.99995455,0.000696872,0.008143059
Creb3l2,0.99995455,0.000698755,0.00815919
Rps27,0.99995455,0.000708963,0.008272426
Gabra5,0.134448094,0.000711242,0.008293046
Pcdhgb7,0.99995455,0.000741864,0.008643894
Slc44a3,0.99995455,0.000743266,0.008654005
Mmp9,0.99995455,0.000745269,0.008671101
Tssk4,0.99995455,0.000757551,0.008795079
4930414N06Rik,0.99995455,0.000757551,0.008795079
4930590J08Rik,0.99995455,0.000757551,0.008795079
A230056J06Rik,0.99995455,0.000766991,0.008898303
Trim7,0.99995455,0.000771141,0.008940051
Leprel1,0.99995455,0.000781322,0.009051619
Twist2,0.99995455,0.000782662,0.009060671
Bpifb4,0.99995455,0.000784199,0.009071983
Tnfsf9,0.99995455,0.00081575,0.00943026
1700024P16Rik,0.99995455,0.000824241,0.009521628
Ngp,0.99995455,0.000828309,0.00956181
Cyp3a13,0.99995455,0.000839949,0.009689286
Nrsn1,0.117070834,0.000847963,0.009774782
Nat8,0.99995455,0.000857972,0.009883134
Adamts6,0.99995455,0.000859329,0.009891736
Fam229a,0.99995455,0.000891765,0.010257825
Pmf1,0.748117085,0.000926421,0.010648913
Gm11992,0.99995455,0.000931189,0.010696146
1110019D14Rik,0.99995455,0.000932809,0.010707168
Ipo7,0.99995455,0.000933887,0.010711959
Prokr2,0.176495433,0.000958869,0.010990744
Trim65,0.91935808,0.0009824,0.011252506
Gm10790,0.99995455,0.00102801,0.011766616
Dach2,0.99995455,0.001050527,0.012015831
Ldb3,0.99995455,0.001051265,0.012015831
Grasp,0.337680785,0.001069602,0.012216811
Slc38a4,0.727107709,0.001072749,0.012235924
Zfp87,0.99995455,0.001072784,0.012235924
Wbscr27,0.99995455,0.001077858,0.012285155
Rtkn2,0.844399459,0.001085069,0.012358662
B4galt7,0.99995455,0.001100819,0.012529253
Cdc45,0.99995455,0.001130513,0.012858199
Pde8a,0.99995455,0.001148671,0.013055573
Slc27a5,0.766382275,0.001161697,0.013194376
Zmynd12,0.99995455,0.001178092,0.013371223
Pdgfd,0.452515478,0.001245932,0.014131311
Gzmm,0.419103769,0.001261339,0.014296055
5830415F09Rik,0.99995455,0.001277495,0.014469061
Bcl2l15,0.99995455,0.001300047,0.014714209
Mertk,0.572464955,0.00130935,0.01480917
Gatad2b,0.99995455,0.001313446,0.014845138
Hnf1b,0.99995455,0.001314556,0.014847347
Apobr,0.99995455,0.001411149,0.015927229
Ccdc111,0.99995455,0.00147837,0.016674324
Pkd1l3,0.99995455,0.001490763,0.01680242
Vwa3a,0.99995455,0.001545447,0.017394593
Nrxn3,0.089691972,0.001544606,0.017394593
Rtl1,0.99995455,0.001570489,0.017664185
Gm14744,0.99995455,0.001597239,0.017940176
Pde5a,0.10504581,0.001596228,0.017940176
2010300C02Rik,0.076888243,0.001635147,0.01835325
Bard1,0.99995455,0.001673222,0.018767629
Fam83f,0.99995455,0.001691904,0.018964057
Gm1141,0.99995455,0.001694927,0.01898482
Plin4,0.455864558,0.001751247,0.019602117
Myh4,0.99995455,0.001773306,0.019726512
Tc2n,0.99995455,0.001773306,0.019726512
Ankef1,0.99995455,0.001773306,0.019726512
1700048M11Rik,0.99995455,0.001773306,0.019726512
Gm10389,0.99995455,0.001773306,0.019726512
Scarna3b,0.99995455,0.001773306,0.019726512
A330035P11Rik,0.99995455,0.001764543,0.019726512
Olfr131,0.99995455,0.001773306,0.019726512
Ptger3,0.99995455,0.001766793,0.019726512
Nmur2,0.619173774,0.001776271,0.019745945
Nrgn,0.099069029,0.001830119,0.020329164
Shank2,0.456873688,0.001831242,0.020329164
Prr22,0.99995455,0.001833999,0.020345851
Zfp386,0.46866319,0.001850618,0.020516182
Ctxn1,0.076498338,0.001854627,0.020546584
Calm2,0.102784611,0.001898763,0.021021181
Anks1b,0.110368354,0.001912853,0.021162733
B930059L03Rik,0.99995455,0.001937645,0.021422402
Ptprcap,0.8911753,0.001952927,0.02157665
Dlgap4,0.146215802,0.001983734,0.021902097
Nsmf,0.471133218,0.002017884,0.022263988
Npas4,0.161828128,0.002090283,0.023047113
Zpbp2,0.99995455,0.002116924,0.02326178
Snord12,0.99995455,0.002116924,0.02326178
Trmt13,0.99995455,0.002116924,0.02326178
4933430I17Rik,0.99995455,0.002116924,0.02326178
Cldn15,0.99995455,0.002116924,0.02326178
Gm15713,0.366351686,0.002128282,0.023323386
Ifitm5,0.366351686,0.002128282,0.023323386
Hs6st3,0.366351686,0.002128282,0.023323386
AI662270,0.366351686,0.002128282,0.023323386
Mastl,0.99995455,0.002155285,0.023603356
Mblac1,0.99995455,0.002185935,0.023922858
Smtn,0.696065348,0.002297029,0.025110693
Necab2,0.117286046,0.002297569,0.025110693
Nhsl2,0.107513146,0.002309631,0.025225525
Mmgt2,0.999954595,0.00235603,0.025714969
Tpx2,0.99995455,0.002377749,0.025934568
Pcdhga2,0.99995455,0.002390927,0.026060787
Htr5b,0.99995455,0.00240159,0.026159425
Rhoh,0.518441424,0.002409204,0.026224752
Epha5,0.13553266,0.002428272,0.026414587
Rcn2,0.090017324,0.002436241,0.026483504
Steap3,0.99995455,0.002446899,0.026581551
Sgk2,0.99995455,0.002473268,0.026850023
Hist1h4f,0.99995455,0.002534232,0.027493453
E330011O21Rik,0.99995455,0.0025497,0.027642769
5730522E02Rik,0.99995455,0.002565055,0.027790667
Galns,0.518568443,0.002599516,0.028145232
Fetub,0.99995455,0.002602408,0.028157741
Cdh6,0.745159212,0.002622268,0.028353709
Ccdc65,0.976590443,0.00262825,0.028399459
Grin1,0.093691945,0.002695966,0.029111763
Psors1c2,0.839306591,0.002699212,0.029127422
Zswim4,0.330321348,0.002717264,0.029302727
Prox2,0.99995455,0.002734894,0.02945766
Plch1,0.999954595,0.002735263,0.02945766
Usp29,0.99995455,0.002739607,0.029484863
Fzd4,0.784581279,0.002761619,0.029702054
Nsun3,0.99995455,0.00276562,0.029725379
2700099C18Rik,0.72490127,0.002782178,0.029883536
Gp9,0.99995455,0.002796594,0.030018501
Oprd1,0.773605329,0.002827961,0.030323299
Zfp959,0.99995455,0.002828729,0.030323299
Nol9,0.239291951,0.002835584,0.030376704
Gucy1b2,0.351168125,0.002900527,0.031051908
Cck,0.106725301,0.002927403,0.031318968
Fhod1,0.99995455,0.002973179,0.031787732
Dusp2,0.99995455,0.003010354,0.032163984
Gpr171,0.99995455,0.003014316,0.032185121
Tekt1,0.99995455,0.003117004,0.033259659
Gpr156,0.999954595,0.003148644,0.033575184
S100a2,0.885827306,0.003173405,0.033706255
Zfp709,0.99995455,0.003172381,0.033706255
Olfr536,0.885827306,0.003173405,0.033706255
Mir670,0.885827306,0.003173405,0.033706255
Tjp3,0.885827306,0.003173405,0.033706255
4930479D17Rik,0.885827306,0.003173405,0.033706255
BC089491,0.979730255,0.003194152,0.033771804
Slc1a7,0.979730255,0.003194152,0.033771804
Tnfrsf18,0.979730255,0.003194152,0.033771804
Arhgap19,0.628939317,0.003182403,0.033771804
D130017N08Rik,0.99995455,0.003193276,0.033771804
Dmbt1,0.979730255,0.003194152,0.033771804
Tmem221,0.979730255,0.003194152,0.033771804
Tmem170,0.99995455,0.003196508,0.033774695
1600020E01Rik,0.647612035,0.003270339,0.034532311
C1ql3,0.911975217,0.003298477,0.034761534
2410007B07Rik,0.911975217,0.003298477,0.034761534
Ppl,0.911975217,0.003298477,0.034761534
4930519F09Rik,0.99995455,0.003304575,0.034803188
Gipc2,0.99995455,0.003337475,0.035126869
Trpv2,0.99995455,0.003360215,0.035343269
Fam131b,0.088407683,0.003392771,0.035648226
Arhgap40,0.91206342,0.003408989,0.035648226
Awat2,0.91206342,0.003408989,0.035648226
Osr2,0.91206342,0.003408989,0.035648226
4930412B13Rik,0.91206342,0.003408989,0.035648226
Olfr1418,0.91206342,0.003408989,0.035648226
A930018P22Rik,0.91206342,0.003408989,0.035648226
Aldh1a7,0.99995455,0.003398687,0.035648226
Rasef,0.91206342,0.003408989,0.035648226
Mis12,0.99995455,0.003511619,0.036674144
Sostdc1,0.797753902,0.003510469,0.036674144
Ptprv,0.99995455,0.003547533,0.037025378
Pbx3,0.307348446,0.003551408,0.03704199
Nr4a1,0.13195564,0.003622128,0.037755326
Fblim1,0.99995455,0.003682691,0.038361951
Rassf8,0.99995455,0.00370398,0.038558958
Supt7l,0.99995455,0.003714278,0.038641358
Mettl20,0.99995455,0.003778476,0.039258878
Gprin1,0.090267386,0.003776231,0.039258878
Mgll,0.218259329,0.003796007,0.039415776
Mettl5,0.815509281,0.003810345,0.039539342
Fam160b2,0.444942714,0.003838278,0.03977829
Cdc37,0.476992655,0.003835878,0.03977829
Kif5a,0.084269105,0.003888064,0.040268527
Tpcn2,0.99995455,0.00390047,0.04037123
2900055J20Rik,0.99995455,0.003922475,0.040573098
Rab40c,0.300480217,0.003943437,0.040763927
Adrb3,0.99995455,0.003989511,0.041213931
Marveld3,0.99995455,0.004001564,0.041312137
C530005A16Rik,0.99995455,0.004010695,0.041380068
Slc16a3,0.99995455,0.004172145,0.043018445
Cml2,0.626379566,0.004175256,0.043023175
E530001F21Rik,0.99995455,0.004227981,0.043538807
Gria3,0.093084844,0.004245923,0.043695829
Ncapg2,0.444844957,0.004349252,0.044730835
Nxph3,0.99995455,0.004378646,0.045004599
Tmprss6,0.99995455,0.004416468,0.045364595
Rragd,0.08932786,0.004446703,0.045646247
4833424O15Rik,0.138038776,0.004469024,0.045846358
Car5b,0.99995455,0.004512402,0.046262103
Syn1,0.101268672,0.004516838,0.046278327
Pnma2,0.704543637,0.00454402,0.046527439
Rilp,0.99995455,0.004559185,0.046653265
Dlg2,0.082266728,0.004568245,0.046716503
Ccm2l,0.903529248,0.004585406,0.046862445
Mmp13,0.99995455,0.004660685,0.0476018
Micall2,0.99995455,0.004668333,0.0476499
Adam4,0.160046918,0.004678097,0.047719532
Gpr115,0.99995455,0.004693688,0.047848481
Rpl30,0.99995455,0.004849782,0.049408675
Rasl11b,0.086631461,0.004902137,0.049910712
